household_net_income_pl,winner,gini_base,top_10_pct_share_base,top_1_pct_share_base,gini_reform,top_10_pct_share_reform,top_1_pct_share_reform,household_net_income,household_net_income_base,household_net_income_pct_chg,household_net_income_chg,in_poverty_bhc,in_deep_poverty_bhc,in_poverty_bhc_base,in_deep_poverty_bhc_base,in_poverty_bhc_pct_chg,in_deep_poverty_bhc_pct_chg,reform,gini_pc,top_10_pct_share_pc,top_1_pct_share_pc
-0.05712039,0.5465685705665282,0.3845850463778476,0.2825311665037023,0.053362970391579556,0.34193448265868653,0.26846082429133233,0.04974467464040363,902740418755.8506,902572146000.1952,0.00018643690302332807,168272755.6553955,5.270157473695013,0.26747871879579505,8.155778025339746,2.506284569047072,-0.35381303202210757,-0.8932767962189168,1: Foundational,-0.11090021341406411,-0.04980102686188283,-0.06780536624225998
-0.05342986,0.5381205468006591,0.3845850463778476,0.2825311665037023,0.053362970391579556,0.3361750652034737,0.2665453639131286,0.0494192282872159,901694109062.9099,902572146000.1952,-0.0009728163462348731,-878036937.2852783,4.825704110299929,0.3649975476703785,8.155778025339746,2.506284569047072,-0.40830855188718745,-0.854367076995907,2: Disability,-0.12587588006948144,-0.05658066962451102,-0.07390409633167576
-0.053219926,0.5404646413071228,0.3845850463778476,0.2825311665037023,0.053362970391579556,0.3365190685402306,0.26697734621616576,0.04957723250082361,902584780836.0967,902572146000.1952,1.3998699115058361e-05,12634835.901489258,4.870322016116575,0.34537005283638283,8.155778025339746,2.506284569047072,-0.4028378407327128,-0.8621983883626999,3: Disability + geo,-0.12498140083791255,-0.05505169741099245,-0.07094316270207698
